config_id,method,trial,params,fitness,head_to_head_score,runtime,memory,bit_string
1,simulated_annealing,0,"{'numRestarts': 5, 'temperature': 0.2, 'cooling': 0.5}",2.61,2.55,0.00095,21,011000010010011001110
1,simulated_annealing,1,"{'numRestarts': 5, 'temperature': 0.2, 'cooling': 0.5}",2.7,2.66,0.00076,21,000101011100000001110
1,simulated_annealing,2,"{'numRestarts': 5, 'temperature': 0.2, 'cooling': 0.5}",2.19,2.22,0.00077,21,101110001000001110000
1,simulated_annealing,3,"{'numRestarts': 5, 'temperature': 0.2, 'cooling': 0.5}",2.58,2.51,0.00077,21,010100010110101000000
1,simulated_annealing,4,"{'numRestarts': 5, 'temperature': 0.2, 'cooling': 0.5}",2.29,2.27,0.00089,21,011001011100101001011
2,simulated_annealing,0,"{'numRestarts': 5, 'temperature': 0.2, 'cooling': 0.9}",2.49,2.44,0.0044,21,101001001100110011100
2,simulated_annealing,1,"{'numRestarts': 5, 'temperature': 0.2, 'cooling': 0.9}",2.59,2.53,0.00463,21,000101010001001001110
2,simulated_annealing,2,"{'numRestarts': 5, 'temperature': 0.2, 'cooling': 0.9}",2.64,2.59,0.00433,21,001100101111001111100
2,simulated_annealing,3,"{'numRestarts': 5, 'temperature': 0.2, 'cooling': 0.9}",2.66,2.61,0.00439,21,000001100010011111100
2,simulated_annealing,4,"{'numRestarts': 5, 'temperature': 0.2, 'cooling': 0.9}",2.21,2.18,0.00417,21,000111111000000000101
3,simulated_annealing,0,"{'numRestarts': 5, 'temperature': 0.2, 'cooling': 0.99}",2.72,2.68,0.03763,21,010101010100100000000
3,simulated_annealing,1,"{'numRestarts': 5, 'temperature': 0.2, 'cooling': 0.99}",2.72,2.68,0.03623,21,010101100100100110000
3,simulated_annealing,2,"{'numRestarts': 5, 'temperature': 0.2, 'cooling': 0.99}",2.72,2.68,0.03577,21,001001100100001101100
3,simulated_annealing,3,"{'numRestarts': 5, 'temperature': 0.2, 'cooling': 0.99}",2.72,2.68,0.03597,21,000001000111001101000
3,simulated_annealing,4,"{'numRestarts': 5, 'temperature': 0.2, 'cooling': 0.99}",2.7,2.66,0.03676,21,000101000110010110110
4,simulated_annealing,0,"{'numRestarts': 5, 'temperature': 0.2, 'cooling': 0.995}",2.72,2.68,0.07407,21,000001010100010011100
4,simulated_annealing,1,"{'numRestarts': 5, 'temperature': 0.2, 'cooling': 0.995}",2.72,2.68,0.07329,21,001101110100110000100
4,simulated_annealing,2,"{'numRestarts': 5, 'temperature': 0.2, 'cooling': 0.995}",2.72,2.68,0.07156,21,000101010110110100100
4,simulated_annealing,3,"{'numRestarts': 5, 'temperature': 0.2, 'cooling': 0.995}",2.72,2.68,0.07314,21,010101101100010100100
4,simulated_annealing,4,"{'numRestarts': 5, 'temperature': 0.2, 'cooling': 0.995}",2.72,2.68,0.0739,21,010001100101100011100
5,simulated_annealing,0,"{'numRestarts': 5, 'temperature': 0.5, 'cooling': 0.5}",2.16,2.19,0.00168,21,001011001101010101000
5,simulated_annealing,1,"{'numRestarts': 5, 'temperature': 0.5, 'cooling': 0.5}",2.66,2.61,0.0017,21,000001111011010111100
5,simulated_annealing,2,"{'numRestarts': 5, 'temperature': 0.5, 'cooling': 0.5}",2.24,2.24,0.00173,21,010101011101001100001
5,simulated_annealing,3,"{'numRestarts': 5, 'temperature': 0.5, 'cooling': 0.5}",2.59,2.53,0.00166,21,010101001010000100110
5,simulated_annealing,4,"{'numRestarts': 5, 'temperature': 0.5, 'cooling': 0.5}",2.26,2.29,0.00166,21,101010011110011011101
6,simulated_annealing,0,"{'numRestarts': 5, 'temperature': 0.5, 'cooling': 0.9}",2.72,2.68,0.00859,21,001101010100010101100
6,simulated_annealing,1,"{'numRestarts': 5, 'temperature': 0.5, 'cooling': 0.9}",2.64,2.59,0.00848,21,010100110000100111000
6,simulated_annealing,2,"{'numRestarts': 5, 'temperature': 0.5, 'cooling': 0.9}",2.61,2.55,0.00854,21,010001110100101010100
6,simulated_annealing,3,"{'numRestarts': 5, 'temperature': 0.5, 'cooling': 0.9}",2.64,2.59,0.00851,21,011101011010100001000
6,simulated_annealing,4,"{'numRestarts': 5, 'temperature': 0.5, 'cooling': 0.9}",2.68,2.64,0.00858,21,011000100101010111100
7,simulated_annealing,0,"{'numRestarts': 5, 'temperature': 0.5, 'cooling': 0.99}",2.72,2.68,0.08507,21,001001000100001011000
7,simulated_annealing,1,"{'numRestarts': 5, 'temperature': 0.5, 'cooling': 0.99}",2.72,2.68,0.08558,21,001101111100010110100
7,simulated_annealing,2,"{'numRestarts': 5, 'temperature': 0.5, 'cooling': 0.99}",2.72,2.68,0.08546,21,011101110100010111100
7,simulated_annealing,3,"{'numRestarts': 5, 'temperature': 0.5, 'cooling': 0.99}",2.72,2.68,0.08537,21,000001001111000011100
7,simulated_annealing,4,"{'numRestarts': 5, 'temperature': 0.5, 'cooling': 0.99}",2.72,2.68,0.08593,21,000101000110100110100
8,simulated_annealing,0,"{'numRestarts': 5, 'temperature': 0.5, 'cooling': 0.995}",2.72,2.68,0.16863,21,001101101100110101100
8,simulated_annealing,1,"{'numRestarts': 5, 'temperature': 0.5, 'cooling': 0.995}",2.72,2.68,0.16849,21,001101000100010111100
8,simulated_annealing,2,"{'numRestarts': 5, 'temperature': 0.5, 'cooling': 0.995}",2.72,2.68,0.16901,21,000101110110100110000
8,simulated_annealing,3,"{'numRestarts': 5, 'temperature': 0.5, 'cooling': 0.995}",2.72,2.68,0.17051,21,001101111100100011000
8,simulated_annealing,4,"{'numRestarts': 5, 'temperature': 0.5, 'cooling': 0.995}",2.72,2.68,0.16882,21,000001101111101101000
9,simulated_annealing,0,"{'numRestarts': 5, 'temperature': 1, 'cooling': 0.5}",2.63,2.58,0.00225,21,011101000101101110010
9,simulated_annealing,1,"{'numRestarts': 5, 'temperature': 1, 'cooling': 0.5}",2.72,2.68,0.0023,21,011001001100001111000
9,simulated_annealing,2,"{'numRestarts': 5, 'temperature': 1, 'cooling': 0.5}",2.53,2.46,0.0022,21,001000011111101100010
9,simulated_annealing,3,"{'numRestarts': 5, 'temperature': 1, 'cooling': 0.5}",2.62,2.57,0.00227,21,000100101000011010100
9,simulated_annealing,4,"{'numRestarts': 5, 'temperature': 1, 'cooling': 0.5}",2.26,2.21,0.0023,21,111000010101101010100
10,simulated_annealing,0,"{'numRestarts': 5, 'temperature': 1, 'cooling': 0.9}",2.72,2.68,0.0119,21,001101000110000010000
10,simulated_annealing,1,"{'numRestarts': 5, 'temperature': 1, 'cooling': 0.9}",2.68,2.64,0.01165,21,001101111110011000000
10,simulated_annealing,2,"{'numRestarts': 5, 'temperature': 1, 'cooling': 0.9}",2.62,2.57,0.01207,21,010101010101010100010
10,simulated_annealing,3,"{'numRestarts': 5, 'temperature': 1, 'cooling': 0.9}",2.68,2.64,0.01172,21,011101010100011010110
10,simulated_annealing,4,"{'numRestarts': 5, 'temperature': 1, 'cooling': 0.9}",2.61,2.55,0.01173,21,010000100111110010100
11,simulated_annealing,0,"{'numRestarts': 5, 'temperature': 1, 'cooling': 0.99}",2.72,2.68,0.12106,21,011101111100010110000
11,simulated_annealing,1,"{'numRestarts': 5, 'temperature': 1, 'cooling': 0.99}",2.72,2.68,0.1211,21,000001010100111111100
11,simulated_annealing,2,"{'numRestarts': 5, 'temperature': 1, 'cooling': 0.99}",2.72,2.68,0.122,21,010001101101010111000
11,simulated_annealing,3,"{'numRestarts': 5, 'temperature': 1, 'cooling': 0.99}",2.72,2.68,0.12095,21,000001011111000001000
11,simulated_annealing,4,"{'numRestarts': 5, 'temperature': 1, 'cooling': 0.99}",2.72,2.68,0.11998,21,000001110100111001100
12,simulated_annealing,0,"{'numRestarts': 5, 'temperature': 1, 'cooling': 0.995}",2.72,2.68,0.24335,21,000101010100000101100
12,simulated_annealing,1,"{'numRestarts': 5, 'temperature': 1, 'cooling': 0.995}",2.72,2.68,0.26706,21,001001010110011001000
12,simulated_annealing,2,"{'numRestarts': 5, 'temperature': 1, 'cooling': 0.995}",2.72,2.68,0.23832,21,011001011110100011100
12,simulated_annealing,3,"{'numRestarts': 5, 'temperature': 1, 'cooling': 0.995}",2.72,2.68,0.23621,21,011001010101000101000
12,simulated_annealing,4,"{'numRestarts': 5, 'temperature': 1, 'cooling': 0.995}",2.72,2.68,0.23931,21,011001001110001101000
13,simulated_annealing,0,"{'numRestarts': 5, 'temperature': 2, 'cooling': 0.5}",2.66,2.61,0.00279,21,001001001110001011110
13,simulated_annealing,1,"{'numRestarts': 5, 'temperature': 2, 'cooling': 0.5}",2.61,2.55,0.00281,21,011001010010001100000
13,simulated_annealing,2,"{'numRestarts': 5, 'temperature': 2, 'cooling': 0.5}",2.62,2.57,0.00289,21,000101100000000011010
13,simulated_annealing,3,"{'numRestarts': 5, 'temperature': 2, 'cooling': 0.5}",2.13,2.18,0.00318,21,111110100100011110010
13,simulated_annealing,4,"{'numRestarts': 5, 'temperature': 2, 'cooling': 0.5}",2.68,2.64,0.00293,21,011000010111010111100
14,simulated_annealing,0,"{'numRestarts': 5, 'temperature': 2, 'cooling': 0.9}",2.72,2.68,0.01794,21,010101111110110111000
14,simulated_annealing,1,"{'numRestarts': 5, 'temperature': 2, 'cooling': 0.9}",2.68,2.64,0.01561,21,011001011100000101110
14,simulated_annealing,2,"{'numRestarts': 5, 'temperature': 2, 'cooling': 0.9}",2.72,2.68,0.0155,21,001001100110010011100
14,simulated_annealing,3,"{'numRestarts': 5, 'temperature': 2, 'cooling': 0.9}",2.72,2.68,0.01559,21,000001011111100101100
14,simulated_annealing,4,"{'numRestarts': 5, 'temperature': 2, 'cooling': 0.9}",2.39,2.33,0.01561,21,101111001101000001010
15,simulated_annealing,0,"{'numRestarts': 5, 'temperature': 2, 'cooling': 0.99}",2.72,2.68,0.15684,21,000001110100000111100
15,simulated_annealing,1,"{'numRestarts': 5, 'temperature': 2, 'cooling': 0.99}",2.72,2.68,0.15866,21,001101110100110010100
15,simulated_annealing,2,"{'numRestarts': 5, 'temperature': 2, 'cooling': 0.99}",2.72,2.68,0.15775,21,000001000100100011100
15,simulated_annealing,3,"{'numRestarts': 5, 'temperature': 2, 'cooling': 0.99}",2.72,2.68,0.15833,21,010001110100001001100
15,simulated_annealing,4,"{'numRestarts': 5, 'temperature': 2, 'cooling': 0.99}",2.72,2.68,0.15812,21,001001111101111001000
16,simulated_annealing,0,"{'numRestarts': 5, 'temperature': 2, 'cooling': 0.995}",2.72,2.68,0.31501,21,000001001110100001000
16,simulated_annealing,1,"{'numRestarts': 5, 'temperature': 2, 'cooling': 0.995}",2.72,2.68,0.31419,21,010001110110011001000
16,simulated_annealing,2,"{'numRestarts': 5, 'temperature': 2, 'cooling': 0.995}",2.72,2.68,0.31579,21,010101110110010000000
16,simulated_annealing,3,"{'numRestarts': 5, 'temperature': 2, 'cooling': 0.995}",2.72,2.68,0.3108,21,011101010100000001000
16,simulated_annealing,4,"{'numRestarts': 5, 'temperature': 2, 'cooling': 0.995}",2.72,2.68,0.31218,21,001001011111101001100
17,simulated_annealing,0,"{'numRestarts': 5, 'temperature': 4, 'cooling': 0.5}",2.23,2.14,0.00328,21,011110001001000011010
17,simulated_annealing,1,"{'numRestarts': 5, 'temperature': 4, 'cooling': 0.5}",2.16,2.1,0.00321,21,111100101010111000000
17,simulated_annealing,2,"{'numRestarts': 5, 'temperature': 4, 'cooling': 0.5}",2.55,2.49,0.00322,21,011100101111111000110
17,simulated_annealing,3,"{'numRestarts': 5, 'temperature': 4, 'cooling': 0.5}",2.17,2.2,0.0032,21,100111101101100111000
17,simulated_annealing,4,"{'numRestarts': 5, 'temperature': 4, 'cooling': 0.5}",2.64,2.59,0.00318,21,011100000110011000100
18,simulated_annealing,0,"{'numRestarts': 5, 'temperature': 4, 'cooling': 0.9}",2.72,2.68,0.01878,21,010001010111100101000
18,simulated_annealing,1,"{'numRestarts': 5, 'temperature': 4, 'cooling': 0.9}",2.72,2.68,0.01863,21,000001010100011001000
18,simulated_annealing,2,"{'numRestarts': 5, 'temperature': 4, 'cooling': 0.9}",2.72,2.68,0.01873,21,001001111110111001000
18,simulated_annealing,3,"{'numRestarts': 5, 'temperature': 4, 'cooling': 0.9}",2.64,2.59,0.01883,21,001001001011001101100
18,simulated_annealing,4,"{'numRestarts': 5, 'temperature': 4, 'cooling': 0.9}",2.64,2.59,0.01874,21,010100110110011000110
19,simulated_annealing,0,"{'numRestarts': 5, 'temperature': 4, 'cooling': 0.99}",2.72,2.68,0.19036,21,011001110110011101000
19,simulated_annealing,1,"{'numRestarts': 5, 'temperature': 4, 'cooling': 0.99}",2.72,2.68,0.19037,21,000101100100010001100
19,simulated_annealing,2,"{'numRestarts': 5, 'temperature': 4, 'cooling': 0.99}",2.72,2.68,0.18992,21,010101000110000111000
19,simulated_annealing,3,"{'numRestarts': 5, 'temperature': 4, 'cooling': 0.99}",2.72,2.68,0.18874,21,010101000100000111100
19,simulated_annealing,4,"{'numRestarts': 5, 'temperature': 4, 'cooling': 0.99}",2.72,2.68,0.19028,21,001101100110100011100
20,simulated_annealing,0,"{'numRestarts': 5, 'temperature': 4, 'cooling': 0.995}",2.72,2.68,0.37989,21,000001000110010111100
20,simulated_annealing,1,"{'numRestarts': 5, 'temperature': 4, 'cooling': 0.995}",2.72,2.68,0.37949,21,000001011111111111100
20,simulated_annealing,2,"{'numRestarts': 5, 'temperature': 4, 'cooling': 0.995}",2.72,2.68,0.37779,21,001001111101101011000
20,simulated_annealing,3,"{'numRestarts': 5, 'temperature': 4, 'cooling': 0.995}",2.72,2.68,0.37856,21,000101111100010000000
20,simulated_annealing,4,"{'numRestarts': 5, 'temperature': 4, 'cooling': 0.995}",2.72,2.68,0.41536,21,000001010111101001000
21,simulated_annealing,0,"{'numRestarts': 5, 'temperature': 8, 'cooling': 0.5}",2.64,2.59,0.0038,21,001001111010101001000
21,simulated_annealing,1,"{'numRestarts': 5, 'temperature': 8, 'cooling': 0.5}",2.64,2.59,0.00387,21,000001110001000011000
21,simulated_annealing,2,"{'numRestarts': 5, 'temperature': 8, 'cooling': 0.5}",2.29,2.28,0.00398,21,011100100000000010101
21,simulated_annealing,3,"{'numRestarts': 5, 'temperature': 8, 'cooling': 0.5}",2.59,2.53,0.00394,21,010000110000001001010
21,simulated_annealing,4,"{'numRestarts': 5, 'temperature': 8, 'cooling': 0.5}",2.57,2.51,0.00376,21,010000000111110001110
22,simulated_annealing,0,"{'numRestarts': 5, 'temperature': 8, 'cooling': 0.9}",2.72,2.68,0.02232,21,001101110100000110000
22,simulated_annealing,1,"{'numRestarts': 5, 'temperature': 8, 'cooling': 0.9}",2.71,2.66,0.0223,21,001101010101000111100
22,simulated_annealing,2,"{'numRestarts': 5, 'temperature': 8, 'cooling': 0.9}",2.72,2.68,0.02231,21,011001110111101001000
22,simulated_annealing,3,"{'numRestarts': 5, 'temperature': 8, 'cooling': 0.9}",2.68,2.64,0.02234,21,011101110110011100010
22,simulated_annealing,4,"{'numRestarts': 5, 'temperature': 8, 'cooling': 0.9}",2.72,2.68,0.02206,21,011101001100010010100
23,simulated_annealing,0,"{'numRestarts': 5, 'temperature': 8, 'cooling': 0.99}",2.72,2.68,0.23131,21,000001101110010001000
23,simulated_annealing,1,"{'numRestarts': 5, 'temperature': 8, 'cooling': 0.99}",2.72,2.68,0.24872,21,001101001100110011100
23,simulated_annealing,2,"{'numRestarts': 5, 'temperature': 8, 'cooling': 0.99}",2.72,2.68,0.28367,21,001001101100011101100
23,simulated_annealing,3,"{'numRestarts': 5, 'temperature': 8, 'cooling': 0.99}",2.72,2.68,0.23311,21,010001010110110101100
23,simulated_annealing,4,"{'numRestarts': 5, 'temperature': 8, 'cooling': 0.99}",2.72,2.68,0.2268,21,011001001110000111100
24,simulated_annealing,0,"{'numRestarts': 5, 'temperature': 8, 'cooling': 0.995}",2.72,2.68,0.45446,21,000001011101010001100
24,simulated_annealing,1,"{'numRestarts': 5, 'temperature': 8, 'cooling': 0.995}",2.72,2.68,0.45225,21,000001000111100011100
24,simulated_annealing,2,"{'numRestarts': 5, 'temperature': 8, 'cooling': 0.995}",2.72,2.68,0.45557,21,000101010100010011100
24,simulated_annealing,3,"{'numRestarts': 5, 'temperature': 8, 'cooling': 0.995}",2.72,2.68,0.45482,21,000001100111100111000
24,simulated_annealing,4,"{'numRestarts': 5, 'temperature': 8, 'cooling': 0.995}",2.72,2.68,0.45597,21,000001110111011111100
25,simulated_annealing,0,"{'numRestarts': 5, 'temperature': 0.2, 'cooling': 0.5}",2.54,2.47,0.00079,85,0001010011010111011001011101000111001111100100101101100101101000110110000010100100110
25,simulated_annealing,1,"{'numRestarts': 5, 'temperature': 0.2, 'cooling': 0.5}",2.61,2.56,0.00075,85,0011000110101110100101110111111011000111001010000011000000011001111110101001110101000
25,simulated_annealing,2,"{'numRestarts': 5, 'temperature': 0.2, 'cooling': 0.5}",2.16,2.18,0.00076,85,0100110001011011001001110000100001001010100111100101110011001101111001110000001011000
25,simulated_annealing,3,"{'numRestarts': 5, 'temperature': 0.2, 'cooling': 0.5}",2.09,2.1,0.00077,85,0000101100011101111100001011110100111110001100001010001010011101001010100010000110010
25,simulated_annealing,4,"{'numRestarts': 5, 'temperature': 0.2, 'cooling': 0.5}",2.18,2.15,0.00074,85,1111110111010010101000010101110001010001101101100011011100010111010111100110000111100
26,simulated_annealing,0,"{'numRestarts': 5, 'temperature': 0.2, 'cooling': 0.9}",2.25,2.23,0.00448,85,0100011010011010001001111101100000100100111001010110000010101111100111000011010100011
26,simulated_annealing,1,"{'numRestarts': 5, 'temperature': 0.2, 'cooling': 0.9}",2.34,2.39,0.00442,85,0011101110110101111011001011010111000000110001111110100110011010011110110001111101100
26,simulated_annealing,2,"{'numRestarts': 5, 'temperature': 0.2, 'cooling': 0.9}",2.62,2.57,0.00442,85,0101001011100101111001000111100111101111010101001100001110011010111000111110010100100
26,simulated_annealing,3,"{'numRestarts': 5, 'temperature': 0.2, 'cooling': 0.9}",2.19,2.13,0.00446,85,0000001100010111011001000101101010000111011110110011010110011101110010001100110111011
26,simulated_annealing,4,"{'numRestarts': 5, 'temperature': 0.2, 'cooling': 0.9}",2.67,2.62,0.00453,85,0100000001100101010101000101101101011110000010001000110001111100110000111000010101100
27,simulated_annealing,0,"{'numRestarts': 5, 'temperature': 0.2, 'cooling': 0.99}",2.72,2.68,0.04326,85,0111001001000100110001111110111100111010000010011011111110010010111010110000000100100
27,simulated_annealing,1,"{'numRestarts': 5, 'temperature': 0.2, 'cooling': 0.99}",2.67,2.62,0.04317,85,0010001111011101010000001000100101001011001011000100011110010100001101011111001011000
27,simulated_annealing,2,"{'numRestarts': 5, 'temperature': 0.2, 'cooling': 0.99}",2.71,2.66,0.04246,85,0110011000110010100101011001011101000100010111011000000110101101000000010101011101100
27,simulated_annealing,3,"{'numRestarts': 5, 'temperature': 0.2, 'cooling': 0.99}",2.66,2.61,0.04191,85,0110010000011010110000000110010011011100110111111110011101011110011111000110110100010
27,simulated_annealing,4,"{'numRestarts': 5, 'temperature': 0.2, 'cooling': 0.99}",2.66,2.61,0.04181,85,0000000000011110011000101001000011101001001001000110111001001000110111000001100010100
28,simulated_annealing,0,"{'numRestarts': 5, 'temperature': 0.2, 'cooling': 0.995}",2.71,2.67,0.08576,85,0100001011110110001001101100110001001001000111100000100100110010001011001001110010100
28,simulated_annealing,1,"{'numRestarts': 5, 'temperature': 0.2, 'cooling': 0.995}",2.71,2.66,0.08663,85,0001001110101011010001000010010001111001010111011110000101101010101001001101000110000
28,simulated_annealing,2,"{'numRestarts': 5, 'temperature': 0.2, 'cooling': 0.995}",2.72,2.68,0.09021,85,0110001110100011011001011101111000000100111101110110011110010101100101000111011111000
28,simulated_annealing,3,"{'numRestarts': 5, 'temperature': 0.2, 'cooling': 0.995}",2.72,2.68,0.08874,85,0000001001011111010001000010110100001001010011010111101111001011100001100000011011000
28,simulated_annealing,4,"{'numRestarts': 5, 'temperature': 0.2, 'cooling': 0.995}",2.72,2.68,0.0888,85,0100011011011100011001011001010101001001100001111101101011011111010011010011011111100
29,simulated_annealing,0,"{'numRestarts': 5, 'temperature': 0.5, 'cooling': 0.5}",2.29,2.22,0.00199,85,1000110110011110010100010100111101011110100010010010110111100100110100011100110111010
29,simulated_annealing,1,"{'numRestarts': 5, 'temperature': 0.5, 'cooling': 0.5}",2.19,2.19,0.002,85,0101011000110010001111000101100000101101010111001110001110101100001111001000110110011
29,simulated_annealing,2,"{'numRestarts': 5, 'temperature': 0.5, 'cooling': 0.5}",2.65,2.6,0.00207,85,0001001000110110100101001100111001111011101100100011100111111110000001111011101010100
29,simulated_annealing,3,"{'numRestarts': 5, 'temperature': 0.5, 'cooling': 0.5}",2.56,2.5,0.002,85,0101010001000101111000111100100111100010100011001001011111101110100100001010111001010
29,simulated_annealing,4,"{'numRestarts': 5, 'temperature': 0.5, 'cooling': 0.5}",2.16,2.13,0.002,85,0110010100111000001101100101101010100010010000010100011111000001110111010001101010001
30,simulated_annealing,0,"{'numRestarts': 5, 'temperature': 0.5, 'cooling': 0.9}",2.68,2.64,0.01027,85,0111010111001101000001011110010000100000000001110010001110110101001011100100001000000
30,simulated_annealing,1,"{'numRestarts': 5, 'temperature': 0.5, 'cooling': 0.9}",2.23,2.29,0.0105,85,1100100100000001111001000010011111100100001001101111010001111110111010100000000101101
30,simulated_annealing,2,"{'numRestarts': 5, 'temperature': 0.5, 'cooling': 0.9}",2.58,2.52,0.01014,85,0110001111011111001100010010110001010110100101000101010011110101011011011000100001110
30,simulated_annealing,3,"{'numRestarts': 5, 'temperature': 0.5, 'cooling': 0.9}",2.29,2.33,0.01001,85,1000110000110011010111111101011010110010000111000001101001111010101111011001111010100
30,simulated_annealing,4,"{'numRestarts': 5, 'temperature': 0.5, 'cooling': 0.9}",2.22,2.14,0.0101,85,1000110010110000010011010101010011101011000010101010100111010001100100101000101000000
31,simulated_annealing,0,"{'numRestarts': 5, 'temperature': 0.5, 'cooling': 0.99}",2.67,2.63,0.10025,85,0001001110101011100100101110111110111111101000110001000010100110010001001000101000100
31,simulated_annealing,1,"{'numRestarts': 5, 'temperature': 0.5, 'cooling': 0.99}",2.25,2.23,0.09957,85,1101110110101101100110100101100011111100101000111010100010001011000111010000001101000
31,simulated_annealing,2,"{'numRestarts': 5, 'temperature': 0.5, 'cooling': 0.99}",2.71,2.66,0.10071,85,0010000100001010001001101000010110100111100000101011110110100101100110110000010111100
31,simulated_annealing,3,"{'numRestarts': 5, 'temperature': 0.5, 'cooling': 0.99}",2.68,2.64,0.10112,85,0101000001001110101100110010101111000101010110011101111000010000011000100001101101000
31,simulated_annealing,4,"{'numRestarts': 5, 'temperature': 0.5, 'cooling': 0.99}",2.71,2.67,0.09794,85,0100011001000000000001110100110000111011110001001110010010110001010111010011010100100
32,simulated_annealing,0,"{'numRestarts': 5, 'temperature': 0.5, 'cooling': 0.995}",2.71,2.66,0.20077,85,0010010000010110110101100100110011001000100001000110001111111110101000000101101001000
32,simulated_annealing,1,"{'numRestarts': 5, 'temperature': 0.5, 'cooling': 0.995}",2.72,2.68,0.20228,85,0010011010101110010001000000110100010111100011100001001000000110110000000101101011000
32,simulated_annealing,2,"{'numRestarts': 5, 'temperature': 0.5, 'cooling': 0.995}",2.69,2.64,0.19984,85,0110010100010100011101010100011110011101000101000010000011101001001000100100100011010
32,simulated_annealing,3,"{'numRestarts': 5, 'temperature': 0.5, 'cooling': 0.995}",2.71,2.66,0.20107,85,0110000000010011110001010010111001001100100101010010000100110110001001110100011011110
32,simulated_annealing,4,"{'numRestarts': 5, 'temperature': 0.5, 'cooling': 0.995}",2.72,2.68,0.19982,85,0010010010010111011001110010111110101110000111111101111111000101000010101011111011000
33,simulated_annealing,0,"{'numRestarts': 5, 'temperature': 1, 'cooling': 0.5}",2.51,2.44,0.00259,85,0010001011000001010101110011011110100110111010100001000000000111000000101101010110110
33,simulated_annealing,1,"{'numRestarts': 5, 'temperature': 1, 'cooling': 0.5}",2.65,2.6,0.00257,85,0101011011000010101000001011110010101010110010111100010001101000110111010001101011100
33,simulated_annealing,2,"{'numRestarts': 5, 'temperature': 1, 'cooling': 0.5}",2.22,2.22,0.00259,85,0100010110101011111010111110010100001100101011111010011010001101001010001011111111111
33,simulated_annealing,3,"{'numRestarts': 5, 'temperature': 1, 'cooling': 0.5}",2.64,2.59,0.00261,85,0000000111101010110101010111111101001100011011110011110100100110101111001111001001110
33,simulated_annealing,4,"{'numRestarts': 5, 'temperature': 1, 'cooling': 0.5}",2.17,2.2,0.00258,85,0011001100100010110110100111001011011110010101001000110011000010010001111111110001011
34,simulated_annealing,0,"{'numRestarts': 5, 'temperature': 1, 'cooling': 0.9}",2.19,2.14,0.01363,85,1110101010010010101101110000111010110111100100110010111100000101001001101110001000000
34,simulated_annealing,1,"{'numRestarts': 5, 'temperature': 1, 'cooling': 0.9}",2.36,2.35,0.01387,85,0110001101111001000000110100010101010101111110000100011011011111000001011111010100011
34,simulated_annealing,2,"{'numRestarts': 5, 'temperature': 1, 'cooling': 0.9}",2.66,2.61,0.01393,85,0010001111010001000101000000100101000010101110000110000101010101011100000001111110000
34,simulated_annealing,3,"{'numRestarts': 5, 'temperature': 1, 'cooling': 0.9}",2.64,2.59,0.01382,85,0011000110100010100000001110100001100011010101101000001101101110011110001010001101000
34,simulated_annealing,4,"{'numRestarts': 5, 'temperature': 1, 'cooling': 0.9}",2.43,2.46,0.01429,85,0000000100111100101001010011010101110000101101101100001000011010010111100101011011011
35,simulated_annealing,0,"{'numRestarts': 5, 'temperature': 1, 'cooling': 0.99}",2.71,2.66,0.14165,85,0101001100101111111101011001010000010111011011000000101011010010000101010100011111000
35,simulated_annealing,1,"{'numRestarts': 5, 'temperature': 1, 'cooling': 0.99}",2.65,2.6,0.14439,85,0110000000001010111100101000100100010010110101000011100010001001101101110001010001100
35,simulated_annealing,2,"{'numRestarts': 5, 'temperature': 1, 'cooling': 0.99}",2.69,2.65,0.14303,85,0101011101101101110001010000010010011000100010000011001100111000010101111000100001110
35,simulated_annealing,3,"{'numRestarts': 5, 'temperature': 1, 'cooling': 0.99}",2.72,2.68,0.14365,85,0110000111011011011001100001011000011010111111000111000011111011010100010000110111100
35,simulated_annealing,4,"{'numRestarts': 5, 'temperature': 1, 'cooling': 0.99}",2.67,2.63,0.14217,85,0000001011001000001101101010101011111101011101010110011011111010010011010100010110000
36,simulated_annealing,0,"{'numRestarts': 5, 'temperature': 1, 'cooling': 0.995}",2.68,2.63,0.28521,85,0110010111011100000000111110111011110001100011010111100100110100110001000011010110100
36,simulated_annealing,1,"{'numRestarts': 5, 'temperature': 1, 'cooling': 0.995}",2.72,2.68,0.28543,85,0000010001010110110001010010110100001011000001001010011010000000000110101010101011000
36,simulated_annealing,2,"{'numRestarts': 5, 'temperature': 1, 'cooling': 0.995}",2.71,2.67,0.29317,85,0011010110001101101001011100110110000101000010010010110110011110101001010000100011000
36,simulated_annealing,3,"{'numRestarts': 5, 'temperature': 1, 'cooling': 0.995}",2.72,2.68,0.28644,85,0101011111001010100001011001110010111101001011101000010000111000100111110100110001000
36,simulated_annealing,4,"{'numRestarts': 5, 'temperature': 1, 'cooling': 0.995}",2.69,2.65,0.28554,85,0100010001100101110101111101111100000000001101110011101101111000101011111001011101100
37,simulated_annealing,0,"{'numRestarts': 5, 'temperature': 2, 'cooling': 0.5}",2.41,2.41,0.00326,85,0000101010001011111111100101110000111111010000110100110100000100100011111111011111000
37,simulated_annealing,1,"{'numRestarts': 5, 'temperature': 2, 'cooling': 0.5}",2.57,2.51,0.00338,85,0000001110000010001100001111101011110001011011001110001010000011101001111111111110010
37,simulated_annealing,2,"{'numRestarts': 5, 'temperature': 2, 'cooling': 0.5}",2.38,2.38,0.00317,85,0110101101010010110010010011010111011101101001100111011100010101010011000001000010011
37,simulated_annealing,3,"{'numRestarts': 5, 'temperature': 2, 'cooling': 0.5}",2.63,2.58,0.00318,85,0110011011110001101000000111110101001100101110010110001111010111011111000011010001010
37,simulated_annealing,4,"{'numRestarts': 5, 'temperature': 2, 'cooling': 0.5}",2.13,2.18,0.00329,85,1011111110011000101100100111000010111001101001011010001111110001000011100101111101100
38,simulated_annealing,0,"{'numRestarts': 5, 'temperature': 2, 'cooling': 0.9}",2.68,2.63,0.01921,85,0000010100111011010000111111011000110111101010110010101101010111010001101100010011100
38,simulated_annealing,1,"{'numRestarts': 5, 'temperature': 2, 'cooling': 0.9}",2.31,2.35,0.0186,85,1000110011000011101101010000011010110110000101100010101011001001101011101001001111100
38,simulated_annealing,2,"{'numRestarts': 5, 'temperature': 2, 'cooling': 0.9}",2.66,2.61,0.01794,85,0100001001010011010000000000100010111001011100010000100100110111000100011111000001000
38,simulated_annealing,3,"{'numRestarts': 5, 'temperature': 2, 'cooling': 0.9}",2.64,2.59,0.01794,85,0100010110101100101001000001110001001101001010011011011000011000101101011011011110000
38,simulated_annealing,4,"{'numRestarts': 5, 'temperature': 2, 'cooling': 0.9}",2.63,2.58,0.01831,85,0111001000010001000001000011110110111111111011101010000111001110110011000000011010110
39,simulated_annealing,0,"{'numRestarts': 5, 'temperature': 2, 'cooling': 0.99}",2.72,2.68,0.18969,85,0111011011001111001001100110010001111110011110100010000101000010011000110001000111000
39,simulated_annealing,1,"{'numRestarts': 5, 'temperature': 2, 'cooling': 0.99}",2.67,2.62,0.21229,85,0011010000011000101100001101110011110101101100101010011000000110100111000001000001100
39,simulated_annealing,2,"{'numRestarts': 5, 'temperature': 2, 'cooling': 0.99}",2.62,2.57,0.18484,85,0001000101010000010000000011001110110111010010111000001101111101001000010011110011100
39,simulated_annealing,3,"{'numRestarts': 5, 'temperature': 2, 'cooling': 0.99}",2.7,2.66,0.18514,85,0100000011111010000101111010011101001101010111101100101100011010111111010000110110000
39,simulated_annealing,4,"{'numRestarts': 5, 'temperature': 2, 'cooling': 0.99}",2.72,2.68,0.18303,85,0100011011001101010001111111111000100110110001101001100110110011010010101101011010000
40,simulated_annealing,0,"{'numRestarts': 5, 'temperature': 2, 'cooling': 0.995}",2.69,2.64,0.44557,85,0101000101000101111101000111111110100001111001110101001101111010011100011011011000100
40,simulated_annealing,1,"{'numRestarts': 5, 'temperature': 2, 'cooling': 0.995}",2.69,2.65,0.37132,85,0001011001011111010101001100111100010111101111100001001010010001110100111000111101100
40,simulated_annealing,2,"{'numRestarts': 5, 'temperature': 2, 'cooling': 0.995}",2.71,2.66,0.37238,85,0101011011110000111001111110110001111101000100001010100011011110011110011011010010100
40,simulated_annealing,3,"{'numRestarts': 5, 'temperature': 2, 'cooling': 0.995}",2.71,2.67,0.37078,85,0000010110000010011001010110111001010111010110001111001010011111000011001001001101100
40,simulated_annealing,4,"{'numRestarts': 5, 'temperature': 2, 'cooling': 0.995}",2.72,2.68,0.36986,85,0010010110001010110001101110010101110000101001101010000001001110111110001011101001100
41,simulated_annealing,0,"{'numRestarts': 5, 'temperature': 4, 'cooling': 0.5}",2.56,2.49,0.00383,85,0110000010000111111101110110100000100010111001101101101011101111111111011000111101100
41,simulated_annealing,1,"{'numRestarts': 5, 'temperature': 4, 'cooling': 0.5}",2.28,2.26,0.0039,85,0101010101000000001100000100110101011010010000111000110011001011010011010100011000011
41,simulated_annealing,2,"{'numRestarts': 5, 'temperature': 4, 'cooling': 0.5}",2.62,2.56,0.00382,85,0111001001100011011101010001101101000000010011010111011000011001110100000001010010110
41,simulated_annealing,3,"{'numRestarts': 5, 'temperature': 4, 'cooling': 0.5}",2.64,2.59,0.00389,85,0001010011001101000101011000001100011110010011011000110010000001011101010001010000010
41,simulated_annealing,4,"{'numRestarts': 5, 'temperature': 4, 'cooling': 0.5}",2.61,2.55,0.00379,85,0101010000010000111000101010101110000100010100111100101010100000100001010001000110000
42,simulated_annealing,0,"{'numRestarts': 5, 'temperature': 4, 'cooling': 0.9}",2.29,2.27,0.02228,85,0001001011110100100111101001011011000000011001000100001011101000010011000101101111101
42,simulated_annealing,1,"{'numRestarts': 5, 'temperature': 4, 'cooling': 0.9}",2.53,2.46,0.02252,85,0010001111010001000101100101001000110011001100011001111001111010001000001011000100110
42,simulated_annealing,2,"{'numRestarts': 5, 'temperature': 4, 'cooling': 0.9}",2.67,2.62,0.02208,85,0000000010110111111001010111100110000111000101101100101100100010101011010101000011000
42,simulated_annealing,3,"{'numRestarts': 5, 'temperature': 4, 'cooling': 0.9}",2.35,2.31,0.02292,85,0100101011111101010001000001110001101100001000011111111010111010011011011110111010100
42,simulated_annealing,4,"{'numRestarts': 5, 'temperature': 4, 'cooling': 0.9}",2.62,2.57,0.02418,85,0111000001100010100100010101011100010010001000101010101010101010011000001110111011100
43,simulated_annealing,0,"{'numRestarts': 5, 'temperature': 4, 'cooling': 0.99}",2.68,2.64,0.22758,85,0010000001000111011101110000110001010100111001110110010100100100011010000011111101110
43,simulated_annealing,1,"{'numRestarts': 5, 'temperature': 4, 'cooling': 0.99}",2.69,2.64,0.22405,85,0011000010110000100101001111010110110100001010000001100000101110110100110010110000100
43,simulated_annealing,2,"{'numRestarts': 5, 'temperature': 4, 'cooling': 0.99}",2.71,2.66,0.22545,85,0001011011010100001101001100110000100111101100001011110000001101110000000010001010100
43,simulated_annealing,3,"{'numRestarts': 5, 'temperature': 4, 'cooling': 0.99}",2.72,2.68,0.22976,85,0110000001110110110001100000110011010011011111100100100100000011001110001000111011000
43,simulated_annealing,4,"{'numRestarts': 5, 'temperature': 4, 'cooling': 0.99}",2.71,2.67,0.2268,85,0000010110111100010001010100010011000111101010000000101010101110011101100111110011100
44,simulated_annealing,0,"{'numRestarts': 5, 'temperature': 4, 'cooling': 0.995}",2.72,2.68,0.45543,85,0000000011001010010001011000110011001110100111010110101010010011010110110001011011000
44,simulated_annealing,1,"{'numRestarts': 5, 'temperature': 4, 'cooling': 0.995}",2.72,2.68,0.45658,85,0110001101000011011001110001110000110001011111000010110111011100010111101110011100000
44,simulated_annealing,2,"{'numRestarts': 5, 'temperature': 4, 'cooling': 0.995}",2.72,2.68,0.45746,85,0010001111110101110001000001011101011001100101110011100110100010111111101000111001100
44,simulated_annealing,3,"{'numRestarts': 5, 'temperature': 4, 'cooling': 0.995}",2.71,2.67,0.46704,85,0000011000011111111101100101010111001010010101010100000111000000010111000101110010100
44,simulated_annealing,4,"{'numRestarts': 5, 'temperature': 4, 'cooling': 0.995}",2.69,2.65,0.46117,85,0111010101110000011001000110011110000101101100111011001000111111010110001011010110100
45,simulated_annealing,0,"{'numRestarts': 5, 'temperature': 8, 'cooling': 0.5}",2.28,2.2,0.00449,85,1000011011010000111110001010011101000111101011011001111101011110000100110100110110000
45,simulated_annealing,1,"{'numRestarts': 5, 'temperature': 8, 'cooling': 0.5}",2.66,2.61,0.00446,85,0100010100011100000001101010001111000011000011011101000001011000001101101010111010000
45,simulated_annealing,2,"{'numRestarts': 5, 'temperature': 8, 'cooling': 0.5}",2.66,2.61,0.00454,85,0111000010101011011100100111001010101000011001000111100111010100110000110100010101000
45,simulated_annealing,3,"{'numRestarts': 5, 'temperature': 8, 'cooling': 0.5}",2.59,2.53,0.0045,85,0011011110111010010100010110010011111111110101101010100110111100110100000000110010010
45,simulated_annealing,4,"{'numRestarts': 5, 'temperature': 8, 'cooling': 0.5}",2.51,2.44,0.00471,85,0001000101110000111001100111110101110101110100010000001111111011110011001011111011110
46,simulated_annealing,0,"{'numRestarts': 5, 'temperature': 8, 'cooling': 0.9}",2.32,2.31,0.02674,85,0110100010000110110010111110111010011110001100010001001010000100000110001101000100110
46,simulated_annealing,1,"{'numRestarts': 5, 'temperature': 8, 'cooling': 0.9}",2.62,2.56,0.02632,85,0100001100100100011101001000100100010011111101101100001000000001011100011110011011000
46,simulated_annealing,2,"{'numRestarts': 5, 'temperature': 8, 'cooling': 0.9}",2.33,2.38,0.02692,85,0011101000100111000101100100010011001100110001111111001011001000011011000001000110010
46,simulated_annealing,3,"{'numRestarts': 5, 'temperature': 8, 'cooling': 0.9}",2.61,2.56,0.02677,85,0011011101010100100100000100110001101111100000100001101111011110111011111010011100110
46,simulated_annealing,4,"{'numRestarts': 5, 'temperature': 8, 'cooling': 0.9}",2.35,2.29,0.02675,85,1000110010010100100001010110110000000111000110011011001100001100101100001000110111010
47,simulated_annealing,0,"{'numRestarts': 5, 'temperature': 8, 'cooling': 0.99}",2.64,2.59,0.27834,85,0010001000110010000000100101100000010100100010000011111101011000111000111111010110100
47,simulated_annealing,1,"{'numRestarts': 5, 'temperature': 8, 'cooling': 0.99}",2.72,2.68,0.28348,85,0110011010010000111001001010111001101111001101111001010000000110101001101111100010000
47,simulated_annealing,2,"{'numRestarts': 5, 'temperature': 8, 'cooling': 0.99}",2.67,2.62,0.27034,85,0010010000100010110001001110000010111111010100011000010100100111001111001101001000010
47,simulated_annealing,3,"{'numRestarts': 5, 'temperature': 8, 'cooling': 0.99}",2.72,2.68,0.26777,85,0100011010100110111001101001110001000010100001100000111010000101000011110001100100100
47,simulated_annealing,4,"{'numRestarts': 5, 'temperature': 8, 'cooling': 0.99}",2.68,2.64,0.26891,85,0101011011001111111001100010100111110110001011000110110000111010101001110101001101000
48,simulated_annealing,0,"{'numRestarts': 5, 'temperature': 8, 'cooling': 0.995}",2.72,2.68,0.54029,85,0010000000011010111001111010010010011100111101101011111100001000010010111011010001100
48,simulated_annealing,1,"{'numRestarts': 5, 'temperature': 8, 'cooling': 0.995}",2.72,2.68,0.53947,85,0110010001100010110001111100111000110111101111000111001001110000011000100101000111100
48,simulated_annealing,2,"{'numRestarts': 5, 'temperature': 8, 'cooling': 0.995}",2.72,2.68,0.55214,85,0000000100011000010001110110111101010110010011001101111001100010011110011110111011100
48,simulated_annealing,3,"{'numRestarts': 5, 'temperature': 8, 'cooling': 0.995}",2.71,2.66,0.54741,85,0100000000010100111101100010011001101100100111110010100101111010111000000001101000100
48,simulated_annealing,4,"{'numRestarts': 5, 'temperature': 8, 'cooling': 0.995}",2.71,2.66,0.54865,85,0110010100100101011001100100110001000110001101101011000000000100010011100000101101010
49,simulated_annealing,0,"{'numRestarts': 5, 'temperature': 0.2, 'cooling': 0.5}",2.08,2.14,0.0009,149,10100001111101000000111101110010001000010111000100100001111101011010000110110100010111100000111111101011110011011101000110101111010100000001011111110
49,simulated_annealing,1,"{'numRestarts': 5, 'temperature': 0.2, 'cooling': 0.5}",2.19,2.19,0.00087,149,00110001111010100111010000000101000010110011111100100111000110011110010010111010010010010100110011111010000100110011011000010101011000100110100011111
49,simulated_annealing,2,"{'numRestarts': 5, 'temperature': 0.2, 'cooling': 0.5}",2.62,2.57,0.00085,149,00000101101000011101000010100010000110100000010011010010000011101011101100011101001011001001001001101000110100100111011101100011110100110100100011010
49,simulated_annealing,3,"{'numRestarts': 5, 'temperature': 0.2, 'cooling': 0.5}",2.27,2.36,0.00085,149,00010101110011111000011011111111111001010101111110000011110010100010010010100001000100111000000011110001001110001010011000011110011100100001110001111
49,simulated_annealing,4,"{'numRestarts': 5, 'temperature': 0.2, 'cooling': 0.5}",2.23,2.29,0.00084,149,00101000001111001010000001000111001110001001000110010111001111000010011001000100011010110000110101111001101010001001000100001110111100101111011010000
50,simulated_annealing,0,"{'numRestarts': 5, 'temperature': 0.2, 'cooling': 0.9}",2.61,2.56,0.00514,149,01110010110101000010000000011110010100010100000011000100001110100101010110000001101110100000001000101110010001101010100001111001111011111110000111000
50,simulated_annealing,1,"{'numRestarts': 5, 'temperature': 0.2, 'cooling': 0.9}",2.23,2.17,0.00505,149,00101010001011011111101000010100111110111010101001000001000001011000011011101111111101011100111001111110010011100101110100000010100011100111001100101
50,simulated_annealing,2,"{'numRestarts': 5, 'temperature': 0.2, 'cooling': 0.9}",2.34,2.27,0.0051,149,00001010100011001100001011000100100001001001101010011100100011010001011011001000100000011111110001000000100111100110101111011000100101111011111001101
50,simulated_annealing,3,"{'numRestarts': 5, 'temperature': 0.2, 'cooling': 0.9}",2.66,2.61,0.00505,149,01100000100110011100001111110110100011011001111000011010111010100111001101111100000000011100001100101100001001100101101111100010100110011101000001010
50,simulated_annealing,4,"{'numRestarts': 5, 'temperature': 0.2, 'cooling': 0.9}",2.21,2.15,0.00505,149,01100000011110001110100000011110100010000101111001101010011011001001010000101111011110000100100101011100010100010101110110110010000110011101100111110
51,simulated_annealing,0,"{'numRestarts': 5, 'temperature': 0.2, 'cooling': 0.99}",2.27,2.2,0.04836,149,10000101100010100101100100101011101011100100010111001100010011000110101011000011100001010010001111111100011011101111011111101101000111001110100100011
51,simulated_annealing,1,"{'numRestarts': 5, 'temperature': 0.2, 'cooling': 0.99}",2.6,2.54,0.04805,149,00000111000011000101001000111110110101101001010101100010010000000000001000011001100011101011000000110010100110101111100011101011110111001011000110110
51,simulated_annealing,2,"{'numRestarts': 5, 'temperature': 0.2, 'cooling': 0.99}",2.62,2.56,0.04838,149,00100000011110111101000111101111000011111010010100110100000110111111100001011111010101110111101010101010010111001011111000011101111110111001010101000
51,simulated_annealing,3,"{'numRestarts': 5, 'temperature': 0.2, 'cooling': 0.99}",2.25,2.23,0.04898,149,01000001010111011001101001100110100011110001010011001010001101011011000100101100000000110001110100111111001001010100100110101000101001010000111001100
51,simulated_annealing,4,"{'numRestarts': 5, 'temperature': 0.2, 'cooling': 0.99}",2.62,2.57,0.04829,149,00000011110110111101000011000100101100011001001001101000111101100001110001110110010101011111001010001101100110011111100110011100100001101101010001100
52,simulated_annealing,0,"{'numRestarts': 5, 'temperature': 0.2, 'cooling': 0.995}",2.71,2.67,0.09595,149,01000001111101001000011100000110110001001111011001010111001001010111011000100110000001110101110100010000111101011100001111001100010110100001001011010
52,simulated_annealing,1,"{'numRestarts': 5, 'temperature': 0.2, 'cooling': 0.995}",2.39,2.39,0.09778,149,00110110010100000011110000110111011001010010001100111101000011100001111101011010001000011011100001001100010001011110001010010111100111000110110101111
52,simulated_annealing,2,"{'numRestarts': 5, 'temperature': 0.2, 'cooling': 0.995}",2.68,2.64,0.09834,149,00000010000011001010001111100010110011100111110111111111001010101100001110111110001001101110010001001000111000101100001100000111010001001011111110100
52,simulated_annealing,3,"{'numRestarts': 5, 'temperature': 0.2, 'cooling': 0.995}",2.69,2.65,0.09615,149,01010101011010101000010000000100000010011011100000000010110010100100100110001100001110100100111011001000001101000101010011100100100111101000000110100
52,simulated_annealing,4,"{'numRestarts': 5, 'temperature': 0.2, 'cooling': 0.995}",2.68,2.64,0.09767,149,00110100010101000101011100100110010011000110010010101000010010100000101110001010111011001000111000111101101110110001010100101000000111011100010100000
53,simulated_annealing,0,"{'numRestarts': 5, 'temperature': 0.5, 'cooling': 0.5}",2.01,2.04,0.00225,149,11000011111111010100100001010110011000100110101000000000010011010110101100101100110010100000110101010110100000111100101010001100011100101011000011101
53,simulated_annealing,1,"{'numRestarts': 5, 'temperature': 0.5, 'cooling': 0.5}",2.18,2.12,0.00226,149,11011001010100011011100111101011011000101001100110100010001001110110110000101111100100011001001101111100101101000000010000100010011011100010011101000
53,simulated_annealing,2,"{'numRestarts': 5, 'temperature': 0.5, 'cooling': 0.5}",2.17,2.14,0.00225,149,00101010010001011111110101111100110101001010011100100101011010101101111111000011111111111100101101001001001110111000010010000111110101001001001001011
53,simulated_annealing,3,"{'numRestarts': 5, 'temperature': 0.5, 'cooling': 0.5}",2.62,2.57,0.00225,149,01110000011110110100001001100111011010110001010000000111100101101101010100001110011000110101101100000001111101111000001101110110110000111011001111110
53,simulated_annealing,4,"{'numRestarts': 5, 'temperature': 0.5, 'cooling': 0.5}",2.12,2.14,0.00225,149,01101011011101011110000001110100100011001100110010001101000011000111101101011001100010001100000000110110001011110100000000001000100001010111111011101
54,simulated_annealing,0,"{'numRestarts': 5, 'temperature': 0.5, 'cooling': 0.9}",2.64,2.59,0.01138,149,01100111001110001010001101111011100011011010101111011110101010000111001101101100101000011101011001001100110011010010100111100110110000000011010001000
54,simulated_annealing,1,"{'numRestarts': 5, 'temperature': 0.5, 'cooling': 0.9}",2.29,2.22,0.01134,149,10110000100010001110000001000010000111010111001100100001000011011011111110101101100000101011110001101110011111010001000100000100101000100100011011110
54,simulated_annealing,2,"{'numRestarts': 5, 'temperature': 0.5, 'cooling': 0.9}",2.27,2.31,0.01121,149,10001111000110000000010110011101101011000101111010000100110011000100101110011110101000011010111000011100011011000011001111111010110100011111110010111
54,simulated_annealing,3,"{'numRestarts': 5, 'temperature': 0.5, 'cooling': 0.9}",2.72,2.68,0.01129,149,01000010110100101100011010011111110000000100011011100011110011111001001111011000100000111110011011101001100100000011001011001110101001000111001001100
54,simulated_annealing,4,"{'numRestarts': 5, 'temperature': 0.5, 'cooling': 0.9}",2.57,2.51,0.01135,149,00110110100000111100011110100110000010001000010111000110000100110001101001111000111110110010000000100111011011101111011001011101110110100101000101010
55,simulated_annealing,0,"{'numRestarts': 5, 'temperature': 0.5, 'cooling': 0.99}",2.66,2.61,0.1129,149,00110001110000011001011000001010101111001100101001101111110010000110111011110000010111010000001101101011100010100011110011111001000110110001100100110
55,simulated_annealing,1,"{'numRestarts': 5, 'temperature': 0.5, 'cooling': 0.99}",2.41,2.35,0.11173,149,10011111111001101111011000001110110101110100111101000101111001000100101111001000011100011101000100100000000011100101111011111000101101000000011000011
55,simulated_annealing,2,"{'numRestarts': 5, 'temperature': 0.5, 'cooling': 0.99}",2.66,2.61,0.11369,149,00000111111110100010000110101011101001010001111000100111110000100101000100110101100010101110101111000111010101010101100011000111110010111100101100100
55,simulated_annealing,3,"{'numRestarts': 5, 'temperature': 0.5, 'cooling': 0.99}",2.32,2.28,0.11153,149,11010011000001111111010100001101010110111001001000100111100100111000101111001011010001101010110101001011010111001111101010000100011010010100001111101
55,simulated_annealing,4,"{'numRestarts': 5, 'temperature': 0.5, 'cooling': 0.99}",2.72,2.68,0.11328,149,00000011111110101100010100001100110011010000111110011000110100111111101010011110011000101001011110110101010010110101100110010101100110000101101100000
56,simulated_annealing,0,"{'numRestarts': 5, 'temperature': 0.5, 'cooling': 0.995}",2.68,2.64,0.22717,149,01000000100111110111011100000101110110000100011000101001010110000101111001110010000111110100110101101111000111110001001011011100001111011100111001010
56,simulated_annealing,1,"{'numRestarts': 5, 'temperature': 0.5, 'cooling': 0.995}",2.66,2.61,0.22051,149,00100011100101110110001011000011110101101001101000000010001111010011011101111000100001110100001011111101010000001001010110001111000000111110000001110
56,simulated_annealing,2,"{'numRestarts': 5, 'temperature': 0.5, 'cooling': 0.995}",2.7,2.66,0.22888,149,01010100110000100000011111101110000110100100100100000011111011100111101010110100010011011111010100010011110110011110000101001110011101000010011010000
56,simulated_annealing,3,"{'numRestarts': 5, 'temperature': 0.5, 'cooling': 0.995}",2.71,2.67,0.22759,149,00000010100101110010010110001101111010110111110101110110110001001010000010000101110001010010011011011111100101010100011011010110110011001001111100100
56,simulated_annealing,4,"{'numRestarts': 5, 'temperature': 0.5, 'cooling': 0.995}",2.71,2.67,0.22783,149,01100011010001110101010011111101001000101110011000101110010000100001000110001001101000111110111100110111110010001111111100011010110010000010100011110
57,simulated_annealing,0,"{'numRestarts': 5, 'temperature': 1, 'cooling': 0.5}",2.56,2.49,0.00313,149,00100111110111000000000110101110011110011011011001100100000001001001101010001000111011111010001010111101001000111001011001000101000011011110111111000
57,simulated_annealing,1,"{'numRestarts': 5, 'temperature': 1, 'cooling': 0.5}",2.19,2.19,0.0029,149,01110011101011001101010010111000110010000000100010001111101010001100110010111110100010101011001111011000100000011111001000110010101011010001110100101
57,simulated_annealing,2,"{'numRestarts': 5, 'temperature': 1, 'cooling': 0.5}",2.57,2.51,0.00291,149,01110111000001011100001000111011110111010100010001011101111101101001001001001101110010111001001111010001101000101111000100100101110011010011111000100
57,simulated_annealing,3,"{'numRestarts': 5, 'temperature': 1, 'cooling': 0.5}",2.61,2.55,0.00332,149,01000011000010110111000001100111010010111000010110111000000011101010111001101101101101101001001001101101010100001110100101111011110100100111110010010
57,simulated_annealing,4,"{'numRestarts': 5, 'temperature': 1, 'cooling': 0.5}",2.23,2.24,0.00423,149,00100100111110111101100101111111010010101000000000111100000010110110010000001111010001111110010000100101100000010010011000110101100111001001100111000
58,simulated_annealing,0,"{'numRestarts': 5, 'temperature': 1, 'cooling': 0.9}",2.17,2.19,0.01903,149,00001001010010011111111001011000010000001001010010000100110100100110111001001010010011101000001010100000100100001111100000001100011000101010110111100
58,simulated_annealing,1,"{'numRestarts': 5, 'temperature': 1, 'cooling': 0.9}",2.64,2.59,0.02924,149,01000110101101100000001111010000101111101000110101010111111111111100000101110111010101110001001110011101100000011011000110111001100111010101001011100
58,simulated_annealing,2,"{'numRestarts': 5, 'temperature': 1, 'cooling': 0.9}",2.53,2.46,0.01585,149,01010100011110101001001110001101110000111010010100010101000011111110111111101001000101001100111011110011111011111000001110100011101101001111100011000
58,simulated_annealing,3,"{'numRestarts': 5, 'temperature': 1, 'cooling': 0.9}",2.71,2.66,0.01563,149,01000111000010101110010000000110010001010101111001110101001101000001001101011000001111100101010111010011110101101010010000010110011100001100000111100
58,simulated_annealing,4,"{'numRestarts': 5, 'temperature': 1, 'cooling': 0.9}",2.49,2.42,0.01541,149,00000101110110010011011010011010011000111111110011011011110001101100100110100010000011011110011010001001110110001110010100110010100011100110100011110
59,simulated_annealing,0,"{'numRestarts': 5, 'temperature': 1, 'cooling': 0.99}",2.71,2.67,0.15995,149,01100010110000010000011011001101110010110101011100100011111111101100000101110110101000110100000101001010010110011111010100010110101100000100010000100
59,simulated_annealing,1,"{'numRestarts': 5, 'temperature': 1, 'cooling': 0.99}",2.67,2.62,0.16571,149,00000100000000010010001100001101111111100100111111100111001001110001100110110100101011110001110100001001100001010111001101011001001100101101111101010
59,simulated_annealing,2,"{'numRestarts': 5, 'temperature': 1, 'cooling': 0.99}",2.66,2.61,0.16124,149,01110101010011110110011111101010001011110111001010001101101111000110010011101111011111101011010011000011010100100110011000010101011011011001111100110
59,simulated_annealing,3,"{'numRestarts': 5, 'temperature': 1, 'cooling': 0.99}",2.71,2.67,0.16416,149,00100000111100011000010110101111100100100110110001111001011011010010111111101110010000001111100011010000011001101100010100111100111111110011111001110
59,simulated_annealing,4,"{'numRestarts': 5, 'temperature': 1, 'cooling': 0.99}",2.69,2.65,0.16307,149,01110010011011111010011010100100100110000000111011000111101000001001001111110010001010110110001111110001100011001111111001011110110101110111011101010
60,simulated_annealing,0,"{'numRestarts': 5, 'temperature': 1, 'cooling': 0.995}",2.69,2.65,0.32105,149,01000111010111110100000010101111110011000100111100000111111011001111011000001000000001010101101000111000100001110110111100101000110111011110001011100
60,simulated_annealing,1,"{'numRestarts': 5, 'temperature': 1, 'cooling': 0.995}",2.38,2.38,0.3251,149,00101101010001000101010001010110010001101010010100100011001110110001011101110100110001101011011100011101101000010001110011000001111010100000101110101
60,simulated_annealing,2,"{'numRestarts': 5, 'temperature': 1, 'cooling': 0.995}",2.72,2.68,0.3251,149,01010000110011001011010111000111001101001101011011110110010010100100000001010101001000110100001001000011010101010100110101000100010011111000010001000
60,simulated_annealing,3,"{'numRestarts': 5, 'temperature': 1, 'cooling': 0.995}",2.67,2.63,0.31684,149,01100110001011001010001011111110101001101101110000100100101101110001011000000101101101100011111000110011000100000000001001100000001011111100000110110
60,simulated_annealing,4,"{'numRestarts': 5, 'temperature': 1, 'cooling': 0.995}",2.69,2.65,0.32741,149,01010001011001000100000110010101101011010110100110110101011110000100010110001000000001011100100110110001101100101110011011100101011101101111100000110
61,simulated_annealing,0,"{'numRestarts': 5, 'temperature': 2, 'cooling': 0.5}",2.7,2.66,0.00369,149,00100000101001100100010001101101010001000010010111000000110010010010001110100111001010010000101001000101111011001101011011001101101001100011001101110
61,simulated_annealing,1,"{'numRestarts': 5, 'temperature': 2, 'cooling': 0.5}",2.51,2.44,0.00372,149,00110011000101000101011110101101111111001011101001011100110101101111100010000001110101001110100101100111100110111101011001011110101000000001101110110
61,simulated_annealing,2,"{'numRestarts': 5, 'temperature': 2, 'cooling': 0.5}",2.31,2.3,0.00364,149,11101101110101101101101100111111101100011000001001100111000001100111101001001111010000101011110101000100011111000000101110000001010010010101000111001
61,simulated_annealing,3,"{'numRestarts': 5, 'temperature': 2, 'cooling': 0.5}",2.49,2.42,0.00372,149,01100110001110000110011010000001110011100100110110001111010001111100010111101000000110000011110000110110101001000011100111010010111111011100001000010
61,simulated_annealing,4,"{'numRestarts': 5, 'temperature': 2, 'cooling': 0.5}",2.66,2.61,0.00367,149,01100001111011111101011110000111100110000001111001001001110111011010110101010010100010110001010111100001101010101000011100001000010011010011001111000
62,simulated_annealing,0,"{'numRestarts': 5, 'temperature': 2, 'cooling': 0.9}",2.57,2.51,0.02061,149,01110010000100010010011011000110110000000110111001001010010111011010000010110010111101111110010111000000111100000110111111101001111011111110101001110
62,simulated_annealing,1,"{'numRestarts': 5, 'temperature': 2, 'cooling': 0.9}",2.61,2.55,0.0205,149,00010001001010110000000000101110010100000110000110010100010000100000100101010000011000001100011111110001000110100011101101000011110001111111101110110
62,simulated_annealing,2,"{'numRestarts': 5, 'temperature': 2, 'cooling': 0.9}",2.64,2.59,0.02087,149,01110000101000110110011000110101111110000001000011100001000111101001011100111111010100111110111100001111111011010001001001111101001101111101111110000
62,simulated_annealing,3,"{'numRestarts': 5, 'temperature': 2, 'cooling': 0.9}",2.64,2.59,0.02074,149,01110111101010000100001111111110100111110000001110110010101111101101101010000111100111011101111011111101000111100101011011100101001111010011101110000
62,simulated_annealing,4,"{'numRestarts': 5, 'temperature': 2, 'cooling': 0.9}",2.1,2.09,0.02075,149,10110110110101110101110110001010100100000111001001000001100100000100000001111101110011100000100111100101010110111110001010000101110100001001101101010
63,simulated_annealing,0,"{'numRestarts': 5, 'temperature': 2, 'cooling': 0.99}",2.68,2.64,0.21411,149,00100011001001111010010110100010110001010000111111111101000111010101010110110111100000000111100010111011111001100000010001011011000110000011111111010
63,simulated_annealing,1,"{'numRestarts': 5, 'temperature': 2, 'cooling': 0.99}",2.66,2.61,0.20966,149,01110100100000101011000010010001011101111000111011100110001011001010000001101010100111101100010100100001010111101111101101000001100101111111011000110
63,simulated_annealing,2,"{'numRestarts': 5, 'temperature': 2, 'cooling': 0.99}",2.66,2.61,0.21024,149,00110101110001011001010001101110110000111010101011111000101010101011110010101100000010010011111010100000101110101110000000111100011010101100101110000
63,simulated_annealing,3,"{'numRestarts': 5, 'temperature': 2, 'cooling': 0.99}",2.67,2.62,0.21144,149,00010100001010110000010111101110000100001100111100110011001010111111011000110111010011110111001101001010111111001101011110111111101101010000111001100
63,simulated_annealing,4,"{'numRestarts': 5, 'temperature': 2, 'cooling': 0.99}",2.71,2.66,0.21,149,01110110111100010010010010010100111100000010001011011100001101111101010100100001000001100011010011001001000111100101101110010110000110100100111111010
64,simulated_annealing,0,"{'numRestarts': 5, 'temperature': 2, 'cooling': 0.995}",2.68,2.64,0.41965,149,01100010111011001110000001111010101001010000001110111111001101110001101011110001100001100100010101010111110010011110101111010100001101001100100001010
64,simulated_annealing,1,"{'numRestarts': 5, 'temperature': 2, 'cooling': 0.995}",2.69,2.64,0.42429,149,00110011001001001010011011000110100100110100011110000111100000100011011010111011010101110110011110101110100110010001100101101100000101011100111010010
64,simulated_annealing,2,"{'numRestarts': 5, 'temperature': 2, 'cooling': 0.995}",2.61,2.56,0.43408,149,00110011111001000000011001101011100110111100111111110010100011111000101111000111101010101111011010110011100100110110100000000000000001000010111011010
64,simulated_annealing,3,"{'numRestarts': 5, 'temperature': 2, 'cooling': 0.995}",2.7,2.66,0.41908,149,00110011010011011001010011101110011101100000000110100111110100101111100001010001110101110111100000110000100000100000011010000001001010100100110110110
64,simulated_annealing,4,"{'numRestarts': 5, 'temperature': 2, 'cooling': 0.995}",2.67,2.63,0.44756,149,01110101000011011110011011100101110001001001000111100010010111010110011011100011010001000001000011011100011010100001100001010001110000011100001010000
65,simulated_annealing,0,"{'numRestarts': 5, 'temperature': 4, 'cooling': 0.5}",2.32,2.37,0.00435,149,10001111010110011000111110001100110100000100110001100100001001001010111110011111000011110001111001110110110101000111101101100100001010110110110000101
65,simulated_annealing,1,"{'numRestarts': 5, 'temperature': 4, 'cooling': 0.5}",2.31,2.35,0.00445,149,01101000011100001010100011011100110101010100110000100110101000110011001011010101010001111000010001001010000101100011111100100010001111001010010111001
65,simulated_annealing,2,"{'numRestarts': 5, 'temperature': 4, 'cooling': 0.5}",2.56,2.49,0.00436,149,00100011000011100101011100110001011010000100100001011000001000100001100010001000100011011000110100111001001001101001110100100110111011000100000101000
65,simulated_annealing,3,"{'numRestarts': 5, 'temperature': 4, 'cooling': 0.5}",2.61,2.55,0.00452,149,00010001010011010010000011000000001001101100100100101001001110010010011010101100000110000001110100010101110111011000010011000010110111010111000000010
65,simulated_annealing,4,"{'numRestarts': 5, 'temperature': 4, 'cooling': 0.5}",2.38,2.43,0.00436,149,00111110011001111001010100000100101001111001010110010000100111110111100010010001001010101000010010011010110111101100110110101111100100110100111000000
66,simulated_annealing,0,"{'numRestarts': 5, 'temperature': 4, 'cooling': 0.9}",2.69,2.64,0.02647,149,00010110000000110001010010100110000011100011011110110100000010110101010100011101110011100011001111101001111110011011101001111110110011010000101110110
66,simulated_annealing,1,"{'numRestarts': 5, 'temperature': 4, 'cooling': 0.9}",2.54,2.48,0.02587,149,01010110011110011001001101111010000011101100100101011011011100010010001000011101101110100011111001111110001001000101100001101000100110101010001110010
66,simulated_annealing,2,"{'numRestarts': 5, 'temperature': 4, 'cooling': 0.9}",2.29,2.3,0.02541,149,00011111001000000010000001001000000010100001000110101111101001100111100011100000011111111010101110110101111011001100000000011110011110100001010010100
66,simulated_annealing,3,"{'numRestarts': 5, 'temperature': 4, 'cooling': 0.9}",2.28,2.21,0.02531,149,00011001000000001011101000101111010001101010001000011000111011101001000010101111100001101010110010011101110100101100111111010001000011101000011000001
66,simulated_annealing,4,"{'numRestarts': 5, 'temperature': 4, 'cooling': 0.9}",2.33,2.29,0.02532,149,10000110100010011000100000011001111011001010010100011101010111001101111100000110110001101011000001100110111001000000111000000010110011000100110111101
67,simulated_annealing,0,"{'numRestarts': 5, 'temperature': 4, 'cooling': 0.99}",2.7,2.66,0.26314,149,01010100110000011101010110100111111010000101001000000001000100100111110110001110111010000001011011101101001000011100111111111101111011011101101001100
67,simulated_annealing,1,"{'numRestarts': 5, 'temperature': 4, 'cooling': 0.99}",2.64,2.59,0.25945,149,00100001101001011111000100001110101010110100011010100011010011001101011001011001011100001111101011010110110100110111001011100101000001111111011100100
67,simulated_annealing,2,"{'numRestarts': 5, 'temperature': 4, 'cooling': 0.99}",2.66,2.61,0.26123,149,01010100001011111010010010010100111001111101101101001010100001100001110101010101100100110010100001010001011010011110001001001110101000011101010100110
67,simulated_annealing,3,"{'numRestarts': 5, 'temperature': 4, 'cooling': 0.99}",2.71,2.67,0.26127,149,01000100001010010110010001000111000111101101110010100100010001100011110101011001011010111011001011110111001000011101100000011110011101011001101010000
67,simulated_annealing,4,"{'numRestarts': 5, 'temperature': 4, 'cooling': 0.99}",2.62,2.57,0.26013,149,01010101111001010100010111100000000000100011101000001111111101100000110100011110001111000010111000111111110110110010110110001110101111000100010101010
68,simulated_annealing,0,"{'numRestarts': 5, 'temperature': 4, 'cooling': 0.995}",2.68,2.64,0.51703,149,01110011010000010101010100000110101101110001001001011111100001110111001001000101001101110000011001100000001110111101110110010010001001011001011000100
68,simulated_annealing,1,"{'numRestarts': 5, 'temperature': 4, 'cooling': 0.995}",2.71,2.67,0.51945,149,01100111111111000100011010101110011001010111101010111111101011111011001100011110000001001001011111110011100000100101100111101001101101010000101010010
68,simulated_annealing,2,"{'numRestarts': 5, 'temperature': 4, 'cooling': 0.995}",2.68,2.64,0.52014,149,00000111111110000101010010100101110101100100111001101110101110000110101110101010000010001011100111100011110110000101101010110110100001100110000100010
68,simulated_annealing,3,"{'numRestarts': 5, 'temperature': 4, 'cooling': 0.995}",2.72,2.68,0.51832,149,00110110111000100011011000110101110100010000101001001000111111101101101000001010000000111010011101110100011011000001101011001000011011111101110100010
68,simulated_annealing,4,"{'numRestarts': 5, 'temperature': 4, 'cooling': 0.995}",2.72,2.68,0.52102,149,00100100110100101110010001101110100011000101111000001010101111100110010010100001100001001110110101001110001001111010110011010110101001011011101000010
69,simulated_annealing,0,"{'numRestarts': 5, 'temperature': 8, 'cooling': 0.5}",2.24,2.21,0.00525,149,11000110000000010010001100110110011011100000110000100101000110110000110010001010000001111101010000101111000001111010101010110111011001111101000110011
69,simulated_annealing,1,"{'numRestarts': 5, 'temperature': 8, 'cooling': 0.5}",2.7,2.66,0.00517,149,01110001010000010000011100110111101101000101001101000110100000100110000111111110011010000001110010010011101011110111001101111000101010110101010000110
69,simulated_annealing,2,"{'numRestarts': 5, 'temperature': 8, 'cooling': 0.5}",2.29,2.22,0.00502,149,00101100100110010110101111110100000100011001110111101110110110011001010001000111100000011010001101010011010010000110010000101011110010011010110000100
69,simulated_annealing,3,"{'numRestarts': 5, 'temperature': 8, 'cooling': 0.5}",2.33,2.37,0.00514,149,00111110111001100011010011011101001011101001000000110101111100011010001011010100000101101111100000111001110000010111010101110000110011111000010011101
69,simulated_annealing,4,"{'numRestarts': 5, 'temperature': 8, 'cooling': 0.5}",2.62,2.57,0.0051,149,01010011110001001101010000111001001110110100000011111001110000100011110110101100000000000011000100101000111000001110111100101010100101101110101101000
70,simulated_annealing,0,"{'numRestarts': 5, 'temperature': 8, 'cooling': 0.9}",2.14,2.16,0.0515,149,10110100111100011000010110110101001001101111111011110000110010000001100100001101000010000001011011001001001100000101000100111110110000101110000111101
70,simulated_annealing,1,"{'numRestarts': 5, 'temperature': 8, 'cooling': 0.9}",2.62,2.57,0.03002,149,00010010110001011110000010011101001111010110110010110011000110110011010000000101010110011001111010010001010111100110010101001000011010010100100011100
70,simulated_annealing,2,"{'numRestarts': 5, 'temperature': 8, 'cooling': 0.9}",2.24,2.25,0.02958,149,10101011101111110101010011100101110000000010011001000011101001100001110101011011001000010100011000101010010000001101001110100101100111100111100100001
70,simulated_annealing,3,"{'numRestarts': 5, 'temperature': 8, 'cooling': 0.9}",2.57,2.51,0.02949,149,00000001110001100100010101101100111100001110101110011000111111000010101000001011011111110101111101110000000110111000001100000100000001100111111000110
70,simulated_annealing,4,"{'numRestarts': 5, 'temperature': 8, 'cooling': 0.9}",2.6,2.54,0.02944,149,01010110001110000001000001001110010010100000110111110110100001010011100100011011111000111010111111111100011000010101011101000001000110100011101011000
71,simulated_annealing,0,"{'numRestarts': 5, 'temperature': 8, 'cooling': 0.99}",2.67,2.63,0.3054,149,00010010110110110001010011111111110111001011000010100000100110000000100000010011000011000111101110011100110001101010100000001100001001111011011101000
71,simulated_annealing,1,"{'numRestarts': 5, 'temperature': 8, 'cooling': 0.99}",2.7,2.66,0.31031,149,00100100110010110000011010110100100001010000111101110011011001000001010101011101000101111111000010010001011110100100110110111100001001100001011101110
71,simulated_annealing,2,"{'numRestarts': 5, 'temperature': 8, 'cooling': 0.99}",2.64,2.59,0.30665,149,01000001100001010101001010000010100110010101011010100010110101001111110000110111110111101010100010110001011100001110010011101110101111001010111101000
71,simulated_annealing,3,"{'numRestarts': 5, 'temperature': 8, 'cooling': 0.99}",2.63,2.58,0.30752,149,00010000111101110000000010100001000111000100001110000001011001110111111110000000001101100110101101100101100111111100111001101011001000100101111011110
71,simulated_annealing,4,"{'numRestarts': 5, 'temperature': 8, 'cooling': 0.99}",2.7,2.66,0.31177,149,01010100010000100000011111001100100100000110000000000101000111011011010100010110111000101001010110110101010010000001010100110111110101110011111001010
72,simulated_annealing,0,"{'numRestarts': 5, 'temperature': 8, 'cooling': 0.995}",2.66,2.61,0.61926,149,00000100000001100000011000111010011110111011111000010001101111100011010001000100011011011111001011110010011011110110011101010110101001000001000111010
72,simulated_annealing,1,"{'numRestarts': 5, 'temperature': 8, 'cooling': 0.995}",2.67,2.62,0.61079,149,00110111101001000111001001100110000110111011010101000101011010000010011111010000100000001010110101111011101100011010001010100010011101100101000110000
72,simulated_annealing,2,"{'numRestarts': 5, 'temperature': 8, 'cooling': 0.995}",2.72,2.68,0.61065,149,00110000110000100100010110011111000100011000010011001010000100000000000000011010011000001010111100111111100000101011101011000010110100110110100111110
72,simulated_annealing,3,"{'numRestarts': 5, 'temperature': 8, 'cooling': 0.995}",2.7,2.66,0.61524,149,00110100111010011011011100011101010110100010011111101000110010100110010111101001111011110100111000001001001110000110000101000000000111011101001100000
72,simulated_annealing,4,"{'numRestarts': 5, 'temperature': 8, 'cooling': 0.995}",2.72,2.68,0.61346,149,00100011100111111110011101101101010110101111010010111101010110110110001111101101000001111101110100001111001111101101101111101101001101000010001110010
